{
  "programs": [
    {
      "slug": "ai",
      "title": "Искусственный интеллект",
      "url": "https://abit.itmo.ru/program/master/ai",
      "format": "очная (лекции/практики дистанционно)",
      "duration_years": 2,
      "language": "русский",
      "tuition_per_year_rub": 599000,
      "faq": [
        "Очная форма обучения подразумевает присутствие; у этой программы занятия и аттестации проходят дистанционно, очно требуется приехать на BootCamp в первую неделю сентября."
      ],
      "career_roles": [
        "ML Engineer",
        "Data Engineer",
        "AI Product Developer",
        "Data Analyst"
      ],
      "notes": [
        "Проектный подход, реальные проекты X5, Ozon Банк, МТС, Sber AI, Норникель, Napoleon IT, Genotek, Raft, AIRI, DeepPavlov.",
        "Вечернее время — можно совмещать с работой."
      ],
      "sources": [
        "https://abit.itmo.ru/program/master/ai",
        "https://ai.itmo.ru/"
      ]
    },
    {
      "slug": "ai_product",
      "title": "Управление ИИ‑продуктами / AI Product",
      "url": "https://abit.itmo.ru/program/master/ai_product",
      "format": "очная (лекции/воркшопы онлайн + очные интенсивы)",
      "duration_years": 2,
      "language": "русский",
      "tuition_per_year_rub": 599000,
      "career_roles": [
        "AI Product Manager",
        "AI Project Manager",
        "AI Product Data Analyst / AI Analyst",
        "AI Product Lead"
      ],
      "entry_expectations": [
        "Базовые знания ML и создания цифровых продуктов (SaaS, мобильные, веб), понимание жизненного цикла продукта и продуктовых метрик; базовые навыки работы с данными, UX/UI, опыт взаимодействия с разработчиками."
      ],
      "notes": [
        "Реальные проекты уровня Альфа‑Банк, очные воркшопы и онлайн‑лекции."
      ],
      "sources": [
        "https://abit.itmo.ru/program/master/ai_product",
        "https://aiproduct.itmo.ru/"
      ]
    }
  ],
  "last_updated": "2025-08-15"
}